<?xml version="1.0" encoding="UTF-8"?>
<!DOCTYPE configuration
  PUBLIC "-//mybatis.org//DTD Config 3.0//EN"
  "http://mybatis.org/dtd/mybatis-3-config.dtd">
<configuration>
	<settings>
	  <!-- Oracle 테이블의 컬럼이 mem_id 이고, DTO의 필드변수가 memId 일때 매칭이 가능하게 하는 옵션 -->
	  <setting name="mapUnderscoreToCamelCase" value="true"/> 
	  <!-- 널허용   -->
      <setting name="jdbcTypeForNull" value="NULL" />
    	
	</settings>
	<!-- mapper vo 매핑 -->
	<typeAliases>
		<typeAlias type="com.ecotree.ecotreeproject.board.vo.BoardVO" alias="BoardVO"></typeAlias>
		<typeAlias type="com.ecotree.ecotreeproject.member.vo.MemberVO" alias="MemberVO"></typeAlias>
		<typeAlias type="com.ecotree.ecotreeproject.certify.vo.CertifyVO" alias="CertifyVO"></typeAlias>
		<typeAlias type="com.ecotree.ecotreeproject.mypage.vo.MypageVO" alias="MypageVO"></typeAlias>
	</typeAliases>
</configuration>