<?xml version="1.0" encoding="UTF-8"?>
<!DOCTYPE mapper PUBLIC "-//mybatis.org//DTD Mapper 3.0//EN" "http://mybatis.org/dtd/mybatis-3-mapper.dtd">
<mapper namespace="com.ecotree.ecotreeproject.certify.dao.ICertifyDAO">
<insert id="certifyElec" parameterType="com.ecotree.ecotreeproject.certify.vo.CertifyVO">
    INSERT INTO main_submit_req(
    	id,
        user_nm,
        user_add_plat,
        user_add_newplat,
        useym,
        elec_useqty,
        gas_useqty,
        elec_charge,
        gas_charge

    )
    VALUES(
    	(SELECT NVL(MAX(id), 0) + 1 FROM main_submit_req),
        #{userNm},
        #{useraddPlat},
        #{useraddnewPlat},
        #{useYm},
        #{elecuseQty},
        #{gasuseQty},
        #{elecCharge},
        #{gasCharge}                                                                           
    )
</insert>
<select id="viewInfo" resultType="com.ecotree.ecotreeproject.certify.vo.CertifyVO">
SELECT  id,
		user_nm,
        user_add_plat,
        user_add_newplat,
        useym,
        elec_useqty,
        gas_useqty,
        elec_charge,
        gas_charge,
        submit_day,
        app_yn
FROM main_submit_req
WHERE user_nm = #{userNm}
ORDER BY submit_day
</select>
<select id="adminView" resultType="com.ecotree.ecotreeproject.certify.vo.CertifyVO" parameterType="java.util.HashMap">
    SELECT  id,
            user_nm,
            user_add_plat,
            user_add_newplat,
            useym,
            elec_useqty,
            gas_useqty,
            elec_charge,
            gas_charge,
            submit_day,
            app_yn
    FROM main_submit_req
    ORDER BY submit_day

</select>
<update id="updateYN" parameterType="int">
 UPDATE main_submit_req
 SET app_yn = 'Y'
 where id = #{iD}
</update>
<insert id="elecInsert"  parameterType="com.ecotree.ecotreeproject.certify.vo.CertifyVO">
	INSERT INTO main_elec_table(
		plat,
		newplat,
		useym,
		useqty,
		elec_charge
	)
	values (
		#{useraddPlat},
		#{useraddnewPlat},
		#{useYm},
		#{elecuseQty},
		#{elecCharge}
	)
</insert>
<insert id="gasInsert"  parameterType="com.ecotree.ecotreeproject.certify.vo.CertifyVO">
	INSERT INTO main_gas_table(
		plat,
		newplat,
		useym,
		useqty,
		gas_charge
	)
	values (
		#{useraddPlat},
		#{useraddnewPlat},
		#{useYm},
		#{gasuseQty},
		#{gasCharge}
	)
</insert>
</mapper>