<?xml version="1.0" encoding="UTF-8"?>
<!DOCTYPE mapper PUBLIC "-//mybatis.org//DTD Mapper 3.0//EN" "http://mybatis.org/dtd/mybatis-3-mapper.dtd">
<mapper namespace="com.ecotree.ecotreeproject.main.dao.IMainDao">
	<select id="getcalculateList"
		resultType="com.ecotree.ecotreeproject.main.vo.MainVO"
		parameterType="String">
		SELECT t.SIGUNGUCD as sigungucd
		, t.CARBON_EMSSIONS -
		(f.ALL_SUM_AB * 1000) AS totalCarnonEmssions
		, ROUND((t.CARBON_EMSSIONS
		- (f.ALL_SUM_AB * 1000))/20) AS needTree
		, natural_sum_ab AS
		natural_sum_ab
		, artfc_sum_ab AS artfc_sum_ab
		, ROUND(t.CARBON_EMSSIONS,
		2) AS carbon_emssions
		FROM main_total_carbon_emssions
		t
		JOIN main_forest_daejeon f
		ON t.SIGUNGUCD = f.SIGUNGUCD
		WHERE
		t.SIGUNGUCD = #{sidoCode}
	</select>
	<select id="getCarbonAll"
		resultType="com.ecotree.ecotreeproject.main.vo.MainVO">
		select a.maincd, a.maincdnm, (a.carbonqty + b.carbonqty) as
		carbonqty
		from carbon_elec_all a, main_carbon_gas_all b
		where a.maincd =
		b.maincd
		order by 3 desc
	</select>
	<select id="getCarbonSgg"
		resultType="com.ecotree.ecotreeproject.main.vo.MainVO">
		select c.codenm, a.maincd, a.sigungucd, a.maincdnm,
		(a.carbonqty + b.carbonqty) as carbonqty
		from carbon_elec_sgg a,
		main_carbon_gas_sgg b, code_category c
		where a.maincd = b.maincd and
		a.sigungucd = b.sigungucd and c.code =
		a.sigungucd and c.code =
		b.sigungucd
		order by 3, 5 desc
	</select>
	<select id="getCarbonBjd"
		resultType="com.ecotree.ecotreeproject.main.vo.MainVO">
		select c.codenm, a.maincd, a.sigungucd, a.bjdongcd,
		a.maincdnm, (a.carbonqty + b.carbonqty) as carbonqty
		from
		carbon_elec_bjd a, main_carbon_gas_bjd b, code_category c
		where
		(to_char(c.code) = to_char(a.sigungucd) || to_char(a.bjdongcd)) and
		a.maincd = b.maincd
		and to_char(a.sigungucd) || to_char(a.bjdongcd) =
		to_char(b.sigungucd) ||
		to_char(b.bjdongcd)
		order by 1,6 desc
	</select>
	<select id="getall_all"
		resultType="com.ecotree.ecotreeproject.main.vo.MainVO">
		select *
		from (select a.*, ROW_NUMBER() OVER (ORDER BY useym
		desc) AS rw from
		main_ajax_energy_all a)
		where rw between 1 and 12
		order by
		useym
	</select>
	<select id="getall_sgg"
		resultType="com.ecotree.ecotreeproject.main.vo.MainVO">
		select* from(select *
		from main_ajax_energy_sgg
		where
		sigungucd =
		#{sigunguCd}
		order by useym desc
		OFFSET 0 ROWS FETCH NEXT 12
		ROWS ONLY)
		order by useym
	</select>
	<select id="getall_bjd"
		resultType="com.ecotree.ecotreeproject.main.vo.MainVO">
		select * from (select * from main_ajax_energy_bjd
		where
		(to_char(sigungucd) || to_char(bjdongcd)) = to_char(#{bjdongCd})||'00'
		order by useym desc
		OFFSET 0 ROWS FETCH NEXT 12 ROWS ONLY)
		order by
		useym
	</select>
	<select id="get_add"
		resultType="com.ecotree.ecotreeproject.main.vo.MainVO">
		select substr(plat, 1,2)|| ' '|| substr(plat, 7) as plat,
		substr(newplat,2,2) || '' || substr(newplat, 7) as newplat
		from (select
		distinct plat, newplat
		from category_daejeon
		order by plat)
	</select>
	<select id="get_add_data"
		resultType="com.ecotree.ecotreeproject.main.vo.MainVO">
		select * from(
		select distinct a.plat, a.newplat,
		a.useym,
		a.useqty as elecUseQty
		, b.useqty as gasUseQty,
		(nvl(round(a.carbon_emssions),0)+nvl(round(b.carbon_emssions * 0.1),0)) as
		carbonQty
		from
		main_elec_table a
		left outer join main_gas_table b on
		trim(a.plat) =
		trim(b.plat) and
		a.useym = b.useym and trim(a.newplat) =
		trim(b.newplat)
		where trim(substr(a.plat, 1,2)|| ' '|| substr(a.plat,
		7)) = trim(#{plat})
		or
		trim(substr(a.newplat,2,2) || '' ||
		substr(a.newplat, 7)) = trim(#{plat})
		order by a.useym desc
		OFFSET 0
		ROWS FETCH NEXT 12 ROWS ONLY)
		order by useym
	</select>
	<select id="get_add_data_controll"
		resultType="com.ecotree.ecotreeproject.main.vo.MainVO">
		select * from(
		select distinct a.plat, a.newplat, a.useym,
		a.useqty as elecUseQty
		, b.useqty as gasUseQty,
		(nvl(round(a.carbon_emssions),0)+nvl(round(b.carbon_emssions * 0.1),0)) as
		carbonQty
		from main_elec_table a
		left outer join main_gas_table b on
		trim(a.plat) = trim(b.plat) and
		a.useym = b.useym and trim(a.newplat) =
		trim(b.newplat)
		where trim(substr(a.plat, 1,2)|| ' '|| substr(a.plat,
		7)) = trim(#{plat})
		and to_char(a.useym) like #{useYm}||'%'
		or
		trim(substr(a.newplat,2,2) || '' || substr(a.newplat, 7)) =
		trim(#{plat})
		order by a.useym desc)
		order by useym
	</select>
	<!-- 드롭다운 옵션 클릭 시 차트 변하기 -->
	<select id="change_data_all"
		resultType="com.ecotree.ecotreeproject.main.vo.MainVO">
		select *
		from main_ajax_energy_all
		where useym like #{useYm} ||'%'
		order by useym
	</select>
	<select id="change_data_sgg"
		resultType="com.ecotree.ecotreeproject.main.vo.MainVO">
		select *
		from main_ajax_energy_sgg
		where useym like
		to_char(#{useYm}) ||'%'
		and sigungucd = #{sigunguCd}
		order by useym,
		sigungucd
	</select>
	<select id="change_data_bjd"
		resultType="com.ecotree.ecotreeproject.main.vo.MainVO">
		select *
		from main_ajax_energy_bjd
		where useym like #{useYm} ||'%'
		and (to_char(sigungucd) || to_char(bjdongcd)) =
		to_char(#{bjdongCd})||'00'
		order by useym, sigungucd, bjdongcd
	</select>
	<select id="get_emission_recent"
		resultType="com.ecotree.ecotreeproject.main.vo.MainVO">
		select sigungucd, codenm, carbonqty, useym from (
		select
		sigungucd, codenm, carbonqty, useym, rank()over (partition by
		sigungucd order by useym desc) as selected_part
		from main_ajax_energy_sgg) a
		where selected_part = 1
	</select>
	<!-- 공공페이지 하단 흡수량지도 XML -->
	<select id="get_ab_all"
		resultType="com.ecotree.ecotreeproject.main.vo.MainVO">
		<!-- vo에 새로 쓰면 오류날 가능성 있어서 변수명 naturalsumab로 대체함 -->
		select a.sigungucd, a.sigungunm as codeNm, round(a.natural_sum_ab +
		a.artfc_sum_ab +
		b.tree_sum_ab)*1000 as naturalSumAb
		from
		main_forest_daejeon a, main_tree_daejeon b
		where a.sigungucd =
		b.sigungucd
	</select>
	<select id="get_rest_all"
		resultType="com.ecotree.ecotreeproject.main.vo.MainVO">
		<!-- 대전 전체 남은 배출량과 필요한 나무 -->
		select all_carbon.carbonqty as carbonAll
		,all_carbon.carbonqty -
		all_ab.carbon_ab as restCarbon,
		round((all_carbon.carbonqty -
		all_ab.carbon_ab)/20) as needTree
		from
		(select round(sum(distinct
		a.natural_sum_ab) + sum(distinct
		a.artfc_sum_ab) + sum(distinct
		b.tree_sum_ab))*1000 as carbon_ab
		from
		main_forest_daejeon a,
		main_tree_daejeon b
		where a.sigungucd =
		b.sigungucd) all_ab, (select
		useym,carbonqty from
		main_ajax_energy_all
		order
		by useym desc
		OFFSET 0 ROWS
		FETCH NEXT 1 ROWS ONLY) all_carbon
	</select>
	<select id="get_rest_sgg"
		resultType="com.ecotree.ecotreeproject.main.vo.MainVO">
		<!-- 시군구별 남은 배출량과 필요한 나무 -->
		select abqty.sigungucd as sigunguCd, abqty.sigungunm as codeNm,
		(cqty.carbonqty -
		abqty.carbon_ab) as restCarbon,
		round((cqty.carbonqty - abqty.carbon_ab)/20)
		as needTree
		from (select
		a.sigungucd, a.sigungunm,
		round(a.natural_sum_ab +
		a.artfc_sum_ab +
		b.tree_sum_ab)*1000 as
		carbon_ab
		from main_forest_daejeon a,
		main_tree_daejeon b
		where
		a.sigungucd = b.sigungucd) abqty, (select
		sigungucd, codenm,
		carbonqty, useym from (
		select
		sigungucd, codenm,
		carbonqty, useym,
		rank()over (partition by
		sigungucd order by useym
		desc) as
		selected_part
		from main_ajax_energy_sgg) a
		where selected_part = 1)
		cqty
		where abqty.sigungucd = cqty.sigungucd
	</select>
	<!-- 대전 전체, 시군구별 녹지&가로수 흡수량 -->
	<select id="get_treeForest_all"
		resultType="com.ecotree.ecotreeproject.main.vo.MainVO">
		<!-- 여기서 needTree = 나무흡수량 -->
		select
		sum(round(a.natural_sum_ab))*1000 as naturalAB,
		sum(round(a.artfc_sum_ab))*1000 as artfcAb,
		sum(round(b.tree_sum_ab))*1000 as needTree
		,(sum(round(a.natural_sum_ab))*1000) +
		(sum(round(a.artfc_sum_ab))*1000) as allsumAb
		from main_forest_daejeon
		a, main_tree_daejeon b
		where a.sigungucd = b.sigungucd
	</select>
	<select id="get_treeForest_sgg"
		resultType="com.ecotree.ecotreeproject.main.vo.MainVO">
		select a.sigungucd, a.sigungunm as codeNm
		,(round(a.natural_sum_ab)*1000)+(round(a.artfc_sum_ab)*1000) as
		allsumAb
		,round(a.natural_sum_ab)*1000 as naturalAB,
		round(a.artfc_sum_ab)*1000 as
		artfcAb, round(b.tree_sum_ab)*1000 as
		needTree
		from main_forest_daejeon a, main_tree_daejeon b
		where
		a.sigungucd = b.sigungucd
	</select>
	<select id="get_pred_all"
		resultType="com.ecotree.ecotreeproject.main.vo.MainVO">
		<!-- 대전 전체 예측값 -->
		select a.useym, a.useqty as elecUseQty, b.useqty as gasUseQty,
		round(a.carbon_emission + b.carbon_emission) as carbonAll
		from pred_elec_all a, pred_gas_all b
		where a.useym = to_char(b.useym)
		order by a.useym
	</select>
	<select id="get_pred_sgg"
		resultType="com.ecotree.ecotreeproject.main.vo.MainVO">
		select a.sigungucd, a.useym, a.useqty as elecUseQty,
		b.useqty as gasUseQty,
		round(a.carbon_emission + b.carbon_emission) as
		carbonAll
		from pred_elec_sgg a, pred_gas_sgg b
		where a.useym =
		b.useym
		and a.sigungucd = b.sigungucd
		and a.sigungucd = #{sigunguCd}
		order by
		a.sigungucd, a.useym
	</select>
	<select id="get_pred_add"
		resultType="com.ecotree.ecotreeproject.main.vo.MainVO">
		<!-- 건물별 예측값 -->
		select distinct b.plat, b.newplat, b.sigungucd, b.bjdongcd
		,
		round(a.useqty) as elecUseQty, a.useym, round(c.useqty) as gasUseQty,
		round(a.carbon_emission + c.carbon_emission) as carbonAll
		from
		pred_elec_regpk a, category_daejeon b, pred_gas_regpk c
		where a.regpk =
		b.regpk
		and c.regpk = b.regpk
		and c.regpk = a.regpk (+)
		and c.useym =
		a.useym
		and trim(substr(b.plat, 1,2)|| ' '|| substr(b.plat, 7)) =
		trim(#{plat})
		or trim(substr(b.newplat,2,2) || '' || substr(b.newplat,
		7)) = trim(#{plat})
		order by b.plat, a.useym
	</select>
</mapper>