<?xml version="1.0" encoding="UTF-8"?>
<!DOCTYPE mapper PUBLIC "-//mybatis.org//DTD Mapper 3.0//EN" "http://mybatis.org/dtd/mybatis-3-mapper.dtd">
<mapper namespace="com.ecotree.ecotreeproject.member.dao.IMemberDAO">
<insert id="ecotreeMember" parameterType="com.ecotree.ecotreeproject.member.vo.MemberVO">
    INSERT INTO login_user(
        user_id,
        user_pw,
        user_nm,
        user_email,
        user_add_plat,
        user_add_newplat
    )
    VALUES(
        #{userId},
        #{userPw},
        #{userNm},
        #{userEmail},
        #{useraddPlat},
        #{useraddnewPlat}                                                                               
    )
</insert>
<select id="ecotreeLogin" resultType="com.ecotree.ecotreeproject.member.vo.MemberVO">
    SELECT user_id, user_pw, user_nm, user_email, user_add_plat, user_add_newplat, verify, app_yn
    FROM login_user
    WHERE user_id = #{userId}
</select>
<select id="ecotreeDate" resultType="com.ecotree.ecotreeproject.member.vo.MemberEleVO">
	SELECT  a.plat,
        a.newplat,
        a.useym,
        a.useqty,
        round(a.elec_charge) AS elecCharge
    FROM (
        SELECT
            plat,
            newplat,
            useym,
            useqty,
            elec_charge,            
            RANK() OVER (PARTITION BY plat ORDER BY archarea DESC) AS selected_part
        FROM
            main_elec_table
    ) a
    INNER JOIN login_user u ON REPLACE(a.plat, ' ', '') = REPLACE(u.user_add_plat, ' ', '')
    WHERE
        selected_part = 1
        AND REPLACE(u.user_add_plat, ' ', '') = REPLACE(#{useraddPlat}, ' ', '')
    ORDER BY
        a.useym DESC
    OFFSET 0 ROWS FETCH NEXT 1 ROWS ONLY  
</select>
<select id="ecotreeDate1" resultType="com.ecotree.ecotreeproject.member.vo.MemberGasVO">
	SELECT  a.plat,
        a.newplat,
        a.useym,
        a.useqty,
        round(a.gas_charge) AS gasCharge
    FROM (
        SELECT
            plat,
            newplat,
            useym,
            useqty,
            gas_charge,            
            RANK() OVER (PARTITION BY plat ORDER BY archarea DESC) AS selected_part
        FROM
            main_gas_table
    ) a
    INNER JOIN login_user u ON REPLACE(a.plat, ' ', '') = REPLACE(u.user_add_plat, ' ', '')
    WHERE
        selected_part = 1
        AND REPLACE(u.user_add_plat, ' ', '') = REPLACE(#{useraddPlat}, ' ', '')
    ORDER BY
        a.useym DESC
    OFFSET 0 ROWS FETCH NEXT 1 ROWS ONLY  
</select>
<update id="updateAppYN" parameterType="java.util.HashMap">
     UPDATE login_user 
     SET app_yn = 'Y'
 	 WHERE user_nm = #{loginUserNm}
     AND REPLACE(TRIM(user_add_plat), ' ', '') = REPLACE(#{textWithoutSpaces}, ' ', '')
</update>
</mapper>