{"results":[{"columns":[{"name":"MAINCDNM","type":"VARCHAR2"},{"name":"USEQTY","type":"NUMBER"}],"items":
[
{"maincdnm":"일반음식점","useqty":117}
,{"maincdnm":"장례시설","useqty":43365}
,{"maincdnm":"동물및식물관련시설","useqty":46082}
,{"maincdnm":"근린생활시설","useqty":62052}
,{"maincdnm":"위락시설","useqty":109617}
,{"maincdnm":"단독주택","useqty":130232}
,{"maincdnm":"교정및군사시설","useqty":216690}
,{"maincdnm":"위험물저장및처리시설","useqty":317524}
,{"maincdnm":"운수시설","useqty":383096}
,{"maincdnm":"묘지관련시설","useqty":429433}
,{"maincdnm":"분뇨.쓰레기처리시설","useqty":593424}
,{"maincdnm":"수련시설","useqty":608408}
,{"maincdnm":"창고시설","useqty":728781}
,{"maincdnm":"관광휴게시설","useqty":730777}
,{"maincdnm":"종교시설","useqty":805457}
,{"maincdnm":"공장","useqty":1008350}
,{"maincdnm":"운동시설","useqty":1347022}
,{"maincdnm":"교육연구및복지시설","useqty":1621868}
,{"maincdnm":"방송통신시설","useqty":1693068}
,{"maincdnm":"문화및집회시설","useqty":2363494}
,{"maincdnm":"숙박시설","useqty":2655988}
,{"maincdnm":"자동차관련시설","useqty":3291167}
,{"maincdnm":"노유자시설","useqty":5167604}
,{"maincdnm":"판매시설","useqty":6086132}
,{"maincdnm":"의료시설","useqty":7211552}
,{"maincdnm":"업무시설","useqty":9379059}
,{"maincdnm":"제1종근린생활시설","useqty":24613707}
,{"maincdnm":"제2종근린생활시설","useqty":26512859}
,{"maincdnm":"교육연구시설","useqty":39450071}
,{"maincdnm":"공동주택","useqty":52609679}
]}]}